,YOLO Native,PSO Tracking,GWO Tracking
Precision,0.135,0.041137633316404264,0.055951727921009324
Recall,0.027439024390243903,0.041158536585365856,0.051829268292682924
F1-Score,0.04560810810810811,0.04114808229616459,0.053811659192825115
mIoU,0.3230520998913872,0.32542019665317196,0.3406715450363055
Speed MAE,140.45407407407407,73.19975308641976,56.48509803921568
FPS,29.237435897435898,37.242820512820515,40.94435897435897
RAM (MB),740.8674358974359,646.3548717948718,473.7076923076923
