,YOLO Native,PSO Tracking,GWO Tracking
Precision,0.135,0.041137633316404264,0.05124056094929881
Recall,0.027439024390243903,0.041158536585365856,0.048272357723577235
F1-Score,0.04560810810810811,0.04114808229616459,0.04971219256933543
mIoU,0.3230520998913872,0.32542019665317196,0.3387113105427529
Speed MAE,140.45407407407407,73.19975308641976,67.12473684210526
FPS,29.237435897435898,37.242820512820515,42.53564102564102
RAM (MB),740.8674358974359,646.3548717948718,356.27410256410263
